,post_id
0,1
1,2
2,3
3,4
4,5
5,6
6,14
7,2366
8,7
9,8
10,9
11,10
12,11
13,15
14,16
15,17
16,18
17,19
18,2367
19,2368
20,2369
21,2370
22,20
23,21
24,22
25,23
26,24
27,25
28,2371
29,2372
30,2373
31,26
32,27
33,28
34,29
35,30
36,31
37,32
38,583
39,33
40,34
41,35
42,36
43,37
44,38
45,44
46,2374
47,39
48,40
49,41
50,42
51,43
52,2375
53,2376
54,2377
55,45
56,46
57,47
58,48
59,49
60,50
61,2378
62,2379
63,2380
64,2381
65,2382
66,51
67,52
68,53
69,54
70,55
71,56
72,57
73,59
74,60
75,67
76,61
77,62
78,63
79,64
80,65
81,66
82,1473
83,68
84,69
85,70
86,71
87,82
88,72
89,74
90,75
91,76
92,102
93,285
94,77
95,78
96,79
97,80
98,81
99,2383
100,2384
101,83
102,84
103,85
104,87
105,88
106,2385
107,2386
108,89
109,92
110,93
111,94
112,95
113,96
114,97
115,98
116,99
117,100
118,101
119,103
120,104
121,105
122,106
123,107
124,123
125,108
126,109
127,110
128,111
129,113
130,169
131,114
132,115
133,116
134,117
135,118
136,2388
137,2389
138,2390
139,119
140,120
141,121
142,122
143,286
144,2391
145,124
146,125
147,126
148,127
149,128
150,129
151,130
152,131
153,132
154,133
155,134
156,176
157,2392
158,135
159,136
160,137
161,138
162,260
163,139
164,140
165,141
166,142
167,143
168,144
169,145
170,146
171,147
172,148
173,149
174,266
175,150
176,151
177,152
178,153
179,154
180,155
181,156
182,157
183,158
184,159
185,160
186,161
187,162
188,2393
189,163
190,164
191,165
192,166
193,167
194,168
195,170
196,171
197,172
198,173
199,174
200,175
201,2394
202,177
203,178
204,179
205,180
206,181
207,182
208,1758
209,183
210,184
211,185
212,186
213,187
214,188
215,1759
216,189
217,190
218,191
219,192
220,193
221,194
222,196
223,197
224,198
225,199
226,200
227,1838
228,201
229,202
230,203
231,204
232,205
233,206
234,207
235,2395
236,2396
237,208
238,209
239,210
240,211
241,212
242,213
243,214
244,215
245,216
246,323
247,2397
248,217
249,218
250,219
251,220
252,384
253,385
254,386
255,2398
256,221
257,222
258,223
259,224
260,225
261,2399
262,2400
263,2401
264,2402
265,226
266,227
267,228
268,229
269,230
270,231
271,232
272,234
273,235
274,412
275,2403
276,236
277,237
278,238
279,239
280,240
281,1847
282,241
283,242
284,243
285,244
286,1848
287,245
288,246
289,247
290,248
291,277
292,249
293,250
294,251
295,252
296,253
297,425
298,255
299,256
300,257
301,258
302,259
303,2404
304,2405
305,2406
306,261
307,262
308,263
309,264
310,265
311,2407
312,2408
313,2409
314,267
315,269
316,270
317,271
318,279
319,272
320,273
321,274
322,275
323,276
324,2410
325,2411
326,2412
327,2413
328,280
329,281
330,282
331,283
332,284
333,2414
334,2415
335,2416
336,287
337,288
338,289
339,290
340,291
341,292
342,451
343,2417
344,293
345,294
346,295
347,296
348,297
349,298
350,2418
351,2419
352,299
353,301
354,302
355,303
356,304
357,305
358,1854
359,306
360,307
361,308
362,310
363,1855
364,311
365,313
366,314
367,315
368,358
369,316
370,317
371,318
372,320
373,321
374,324
375,325
376,326
377,327
378,328
379,329
380,330
381,331
382,1856
383,332
384,333
385,334
386,335
387,336
388,452
389,338
390,339
391,340
392,341
393,342
394,2420
395,2421
396,343
397,345
398,346
399,347
400,348
401,2422
402,349
403,350
404,351
405,352
406,353
407,2423
408,2424
409,2425
410,2426
411,354
412,355
413,356
414,357
415,658
416,359
417,361
418,362
419,363
420,381
421,382
422,364
423,365
424,366
425,367
426,383
427,368
428,369
429,370
430,371
431,372
432,373
433,374
434,375
435,376
436,378
437,380
438,2427
439,2428
440,2429
441,387
442,388
443,389
444,390
445,391
446,392
447,849
448,393
449,394
450,395
451,396
452,397
453,398
454,850
455,2430
456,2431
457,2432
458,2433
459,399
460,400
461,401
462,402
463,433
464,403
465,404
466,405
467,406
468,409
469,410
470,411
471,413
472,414
473,415
474,416
475,417
476,432
477,418
478,419
479,420
480,421
481,422
482,423
483,424
484,426
485,427
486,428
487,429
488,431
489,692
490,434
491,435
492,436
493,437
494,438
495,449
496,439
497,440
498,441
499,442
500,443
501,450
502,444
503,445
504,446
505,447
506,448
507,2434
508,453
509,454
510,455
511,457
512,458
513,459
514,2435
515,2436
516,2437
517,460
518,461
519,462
520,463
521,464
522,2438
523,2439
524,2440
525,2441
526,465
527,466
528,467
529,468
530,469
531,470
532,471
533,472
534,473
535,474
536,475
537,710
538,476
539,477
540,478
541,480
542,481
543,482
544,2442
545,2443
546,483
547,484
548,485
549,486
550,487
551,1857
552,1858
553,488
554,489
555,490
556,491
557,492
558,510
559,2444
560,2445
561,493
562,494
563,495
564,496
565,497
566,498
567,499
568,500
569,501
570,502
571,503
572,505
573,527
574,2446
575,506
576,507
577,508
578,509
579,2447
580,2448
581,2449
582,2450
583,2451
584,511
585,512
586,513
587,514
588,515
589,516
590,2452
591,2453
592,517
593,518
594,519
595,520
596,2454
597,2455
598,2456
599,2457
600,521
601,522
602,523
603,524
604,526
605,851
606,528
607,529
608,530
609,531
610,1859
611,532
612,533
613,534
614,535
615,536
616,537
617,538
618,539
619,540
620,541
621,542
622,543
623,544
624,545
625,546
626,547
627,548
628,549
629,550
630,551
631,2458
632,2459
633,2460
634,2461
635,552
636,553
637,554
638,556
639,557
640,2463
641,558
642,559
643,560
644,561
645,562
646,563
647,564
648,1474
649,565
650,566
651,567
652,568
653,569
654,2464
655,570
656,571
657,572
658,573
659,582
660,574
661,575
662,576
663,577
664,578
665,579
666,580
667,584
668,585
669,586
670,587
671,588
672,589
673,1475
674,590
675,591
676,592
677,593
678,594
679,595
680,772
681,597
682,598
683,599
684,600
685,601
686,602
687,603
688,605
689,606
690,607
691,608
692,609
693,610
694,2465
695,611
696,612
697,613
698,614
699,615
700,2466
701,2467
702,2468
703,616
704,617
705,618
706,619
707,620
708,2469
709,2471
710,2472
711,2473
712,621
713,622
714,624
715,625
716,626
717,633
718,634
719,627
720,628
721,629
722,630
723,631
724,632
725,656
726,635
727,636
728,637
729,638
730,639
731,640
732,641
733,642
734,643
735,644
736,645
737,646
738,647
739,2474
740,2475
741,2476
742,648
743,649
744,650
745,651
746,652
747,653
748,655
749,2477
750,659
751,660
752,661
753,662
754,663
755,812
756,664
757,665
758,666
759,667
760,2478
761,2479
762,2480
763,2481
764,2482
765,668
766,669
767,670
768,671
769,708
770,672
771,673
772,674
773,675
774,676
775,677
776,678
777,2483
778,679
779,680
780,681
781,682
782,683
783,709
784,684
785,685
786,686
787,687
788,688
789,689
790,690
791,691
792,2484
793,693
794,694
795,695
796,696
797,2485
798,2486
799,2487
800,2488
801,2489
802,697
803,698
804,699
805,700
806,701
807,702
808,2490
809,2491
810,703
811,704
812,705
813,706
814,707
815,711
816,712
817,713
818,714
819,715
820,716
821,717
822,718
823,735
824,719
825,720
826,721
827,722
828,723
829,724
830,725
831,2492
832,2493
833,726
834,727
835,728
836,729
837,730
838,731
839,732
840,733
841,734
842,2494
843,736
844,737
845,738
846,739
847,740
848,1695
849,741
850,742
851,743
852,744
853,745
854,2495
855,2496
856,2497
857,746
858,747
859,748
860,749
861,750
862,2498
863,2499
864,2501
865,2502
866,2504
867,751
868,752
869,753
870,754
871,755
872,756
873,757
874,758
875,759
876,2505
877,760
878,762
879,763
880,764
881,765
882,2506
883,2507
884,766
885,767
886,768
887,769
888,770
889,771
890,773
891,774
892,775
893,776
894,777
895,778
896,779
897,780
898,781
899,782
900,783
901,2508
902,2509
903,2510
904,2511
905,784
906,785
907,786
908,787
909,788
910,790
911,2512
912,2513
913,2514
914,2515
915,2516
916,2517
917,791
918,792
919,793
920,794
921,795
922,796
923,797
924,798
925,799
926,800
927,801
928,2518
929,2519
930,2520
931,2521
932,802
933,803
934,804
935,805
936,806
937,2522
938,2523
939,2524
940,2525
941,2526
942,807
943,808
944,809
945,810
946,811
947,2527
948,2528
949,813
950,814
951,815
952,816
953,817
954,2529
955,2530
956,818
957,819
958,820
959,821
960,822
961,823
962,824
963,2531
964,2532
965,825
966,826
967,827
968,828
969,829
970,2533
971,830
972,832
973,833
974,834
975,842
976,843
977,835
978,836
979,837
980,838
981,840
982,841
983,2534
984,844
985,845
986,846
987,847
988,848
989,852
990,853
991,854
992,855
993,856
994,857
995,2535
996,2536
997,2537
998,2538
999,2539
1000,2540
1001,858
1002,859
1003,860
1004,861
1005,863
1006,864
1007,1696
1008,865
1009,866
1010,867
1011,868
1012,869
1013,1424
1014,870
1015,871
1016,872
1017,873
1018,874
1019,897
1020,875
1021,876
1022,877
1023,878
1024,879
1025,880
1026,2541
1027,881
1028,882
1029,883
1030,884
1031,891
1032,885
1033,886
1034,887
1035,888
1036,889
1037,890
1038,896
1039,892
1040,893
1041,894
1042,895
1043,2542
1044,2543
1045,2544
1046,2545
1047,898
1048,899
1049,900
1050,901
1051,902
1052,903
1053,2546
1054,904
1055,905
1056,906
1057,907
1058,908
1059,909
1060,2547
1061,2548
1062,2549
1063,910
1064,911
1065,912
1066,913
1067,914
1068,915
1069,916
1070,2550
1071,917
1072,918
1073,919
1074,920
1075,921
1076,1760
1077,1761
1078,922
1079,923
1080,924
1081,925
1082,926
1083,927
1084,928
1085,2551
1086,2552
1087,929
1088,930
1089,931
1090,932
1091,933
1092,1783
1093,2553
1094,934
1095,935
1096,936
1097,937
1098,938
1099,939
1100,952
1101,953
1102,954
1103,940
1104,941
1105,942
1106,943
1107,944
1108,1812
1109,945
1110,946
1111,947
1112,948
1113,949
1114,950
1115,951
1116,2554
1117,2555
1118,2556
1119,956
1120,958
1121,959
1122,960
1123,961
1124,2557
1125,2558
1126,2559
1127,2560
1128,962
1129,963
1130,964
1131,965
1132,966
1133,1578
1134,1579
1135,967
1136,968
1137,969
1138,970
1139,971
1140,972
1141,973
1142,974
1143,2561
1144,2562
1145,2563
1146,2564
1147,975
1148,976
1149,977
1150,978
1151,979
1152,980
1153,981
1154,982
1155,983
1156,984
1157,985
1158,1813
1159,986
1160,988
1161,989
1162,990
1163,991
1164,992
1165,993
1166,1814
1167,1815
1168,1816
1169,2565
1170,2566
1171,994
1172,995
1173,996
1174,997
1175,998
1176,999
1177,2567
1178,2568
1179,2569
1180,1000
1181,1001
1182,1003
1183,1004
1184,1005
1185,1006
1186,1007
1187,1008
1188,1009
1189,1010
1190,1011
1191,1012
1192,1013
1193,2570
1194,2571
1195,2572
1196,2573
1197,1014
1198,1016
1199,1017
1200,1018
1201,1019
1202,1020
1203,2574
1204,2575
1205,2576
1206,2577
1207,1021
1208,1022
1209,1023
1210,1024
1211,2578
1212,2579
1213,2580
1214,2581
1215,2582
1216,1025
1217,1026
1218,1028
1219,1029
1220,1030
1221,1032
1222,2583
1223,2584
1224,2585
1225,2586
1226,2587
1227,1033
1228,1034
1229,1035
1230,1037
1231,1038
1232,1039
1233,1040
1234,1058
1235,1041
1236,1042
1237,1044
1238,1045
1239,1046
1240,1047
1241,1048
1242,1500
1243,1502
1244,1049
1245,1050
1246,1051
1247,1052
1248,1053
1249,1054
1250,1056
1251,1057
1252,2588
1253,2589
1254,2590
1255,2591
1256,2592
1257,1059
1258,1062
1259,1063
1260,1064
1261,2593
1262,2594
1263,2595
1264,2596
1265,2597
1266,1065
1267,1066
1268,1067
1269,1068
1270,1069
1271,1070
1272,2598
1273,2599
1274,2601
1275,2602
1276,2603
1277,2604
1278,1071
1279,1072
1280,1073
1281,1074
1282,1075
1283,1076
1284,1077
1285,1503
1286,1504
1287,1078
1288,1079
1289,1080
1290,1081
1291,1082
1292,1083
1293,1512
1294,2605
1295,1084
1296,1085
1297,1086
1298,1087
1299,1104
1300,1105
1301,1106
1302,1107
1303,1089
1304,1090
1305,1091
1306,1092
1307,1093
1308,1094
1309,1108
1310,1109
1311,2606
1312,2607
1313,2608
1314,2609
1315,2610
1316,2611
1317,1095
1318,1097
1319,1098
1320,1099
1321,1100
1322,1101
1323,1102
1324,1103
1325,1110
1326,1111
1327,1112
1328,1113
1329,1114
1330,2612
1331,1115
1332,1116
1333,1117
1334,1118
1335,1119
1336,2613
1337,2614
1338,1120
1339,1122
1340,1123
1341,1124
1342,1205
1343,1125
1344,1126
1345,1127
1346,1128
1347,1129
1348,1547
1349,1130
1350,1131
1351,1132
1352,1133
1353,1549
1354,1624
1355,1134
1356,1135
1357,1136
1358,1137
1359,2615
1360,2616
1361,2617
1362,2618
1363,1138
1364,1139
1365,1140
1366,1141
1367,1142
1368,1143
1369,2619
1370,2620
1371,2621
1372,1144
1373,1146
1374,1147
1375,1148
1376,1149
1377,2622
1378,2623
1379,2624
1380,2625
1381,1150
1382,1151
1383,1152
1384,1153
1385,1154
1386,1155
1387,1156
1388,2626
1389,1157
1390,1158
1391,1159
1392,1160
1393,1161
1394,2627
1395,2628
1396,2629
1397,2630
1398,1162
1399,1163
1400,1164
1401,1165
1402,1166
1403,1167
1404,1168
1405,1169
1406,1558
1407,1171
1408,1172
1409,1173
1410,1174
1411,1175
1412,2631
1413,2632
1414,2633
1415,2634
1416,2635
1417,1176
1418,1177
1419,1178
1420,1180
1421,1181
1422,1183
1423,1185
1424,1186
1425,2636
1426,2637
1427,2638
1428,2639
1429,1187
1430,1188
1431,1189
1432,1190
1433,1191
1434,1192
1435,1655
1436,2640
1437,1193
1438,1194
1439,1195
1440,1196
1441,1197
1442,1198
1443,1199
1444,1200
1445,1201
1446,1202
1447,1203
1448,1204
1449,2641
1450,2642
1451,2643
1452,2644
1453,1206
1454,1207
1455,1208
1456,1209
1457,2646
1458,2649
1459,2650
1460,2651
1461,2652
1462,1210
1463,1211
1464,1212
1465,1213
1466,1214
1467,2653
1468,2654
1469,1215
1470,1216
1471,1217
1472,1218
1473,1219
1474,1220
1475,1221
1476,1274
1477,1275
1478,1276
1479,1222
1480,1223
1481,1224
1482,1225
1483,1226
1484,1227
1485,1572
1486,1229
1487,1230
1488,1231
1489,1232
1490,1233
1491,1234
1492,1235
1493,2655
1494,2656
1495,2657
1496,2658
1497,2659
1498,1236
1499,1237
1500,1238
1501,1239
1502,1240
1503,2660
1504,2661
1505,2662
1506,1241
1507,1242
1508,1243
1509,1244
1510,1245
1511,2663
1512,2664
1513,2665
1514,2666
1515,2667
1516,2668
1517,1246
1518,1247
1519,1248
1520,1250
1521,1251
1522,1252
1523,2669
1524,2670
1525,2671
1526,2672
1527,1253
1528,1254
1529,1255
1530,1256
1531,1257
1532,1258
1533,2673
1534,2674
1535,2675
1536,2676
1537,1259
1538,1260
1539,1261
1540,1262
1541,1263
1542,1264
1543,1265
1544,1283
1545,1266
1546,1267
1547,1268
1548,1269
1549,1270
1550,1271
1551,1272
1552,1273
1553,1318
1554,1319
1555,1320
1556,1321
1557,1277
1558,1278
1559,1279
1560,1280
1561,1281
1562,1282
1563,1413
1564,1284
1565,1285
1566,1286
1567,1287
1568,1288
1569,1289
1570,1291
1571,1414
1572,1292
1573,1293
1574,1294
1575,1295
1576,2677
1577,2678
1578,1296
1579,1297
1580,1298
1581,1299
1582,1300
1583,1301
1584,1302
1585,1303
1586,1304
1587,2679
1588,2680
1589,2681
1590,1305
1591,1306
1592,1307
1593,1308
1594,1309
1595,1310
1596,1311
1597,1312
1598,1313
1599,1314
1600,1315
1601,1316
1602,1317
1603,2682
1604,2683
1605,2684
1606,1322
1607,1323
1608,1324
1609,1325
1610,1326
1611,1327
1612,2685
1613,2686
1614,2687
1615,1328
1616,1329
1617,1330
1618,1331
1619,1332
1620,1333
1621,2688
1622,2689
1623,2690
1624,2691
1625,2692
1626,1334
1627,1335
1628,1336
1629,1337
1630,1338
1631,2693
1632,2694
1633,2695
1634,2696
1635,1339
1636,1340
1637,1341
1638,1342
1639,2697
1640,2698
1641,2699
1642,1343
1643,1344
1644,1345
1645,1346
1646,1347
1647,1349
1648,2700
1649,2701
1650,2702
1651,2703
1652,2704
1653,1350
1654,1352
1655,1353
1656,1354
1657,1355
1658,1356
1659,1357
1660,1358
1661,1359
1662,1360
1663,1361
1664,2705
1665,2706
1666,1362
1667,1363
1668,1364
1669,1365
1670,1366
1671,1367
1672,2707
1673,2708
1674,2709
1675,2710
1676,2711
1677,1368
1678,1369
1679,1370
1680,1371
1681,1574
1682,1372
1683,1373
1684,1374
1685,1375
1686,1576
1687,2712
1688,2713
1689,1376
1690,1377
1691,1378
1692,1379
1693,1380
1694,1381
1695,1382
1696,1383
1697,1415
1698,1384
1699,1385
1700,1386
1701,1387
1702,1388
1703,2714
1704,1389
1705,1390
1706,1391
1707,1392
1708,1393
1709,1416
1710,2715
1711,2716
1712,1394
1713,1395
1714,1396
1715,1397
1716,1398
1717,2717
1718,1399
1719,1400
1720,1401
1721,1402
1722,1403
1723,1404
1724,1405
1725,1423
1726,2718
1727,1406
1728,1407
1729,1408
1730,1409
1731,1410
1732,1411
1733,1412
1734,2720
1735,2721
1736,2722
1737,1417
1738,1418
1739,1419
1740,1420
1741,1421
1742,1422
1743,2723
1744,2724
1745,2725
1746,1425
1747,1426
1748,1427
1749,1428
1750,1429
1751,2726
1752,2727
1753,2728
1754,1430
1755,1431
1756,1432
1757,1433
1758,1434
1759,2729
1760,2730
1761,2731
1762,1435
1763,1436
1764,1437
1765,1439
1766,1445
1767,1440
1768,1441
1769,1442
1770,1443
1771,1444
1772,2732
1773,2733
1774,1446
1775,1447
1776,1448
1777,1449
1778,1450
1779,1452
1780,1453
1781,1454
1782,2734
1783,2735
1784,2736
1785,2738
1786,2739
1787,2740
1788,1455
1789,1456
1790,1457
1791,1458
1792,1459
1793,1466
1794,2741
1795,2742
1796,2743
1797,1460
1798,1461
1799,1462
1800,1463
1801,1464
1802,1465
1803,2744
1804,2745
1805,2746
1806,2747
1807,1467
1808,1468
1809,1469
1810,1470
1811,1471
1812,1472
1813,2748
1814,2749
1815,2750
1816,1476
1817,1477
1818,1478
1819,1479
1820,1480
1821,1482
1822,1483
1823,2751
1824,2752
1825,2753
1826,2754
1827,2755
1828,1484
1829,1486
1830,1487
1831,1488
1832,1490
1833,1491
1834,2756
1835,2757
1836,2758
1837,2759
1838,2760
1839,2761
1840,2762
1841,1492
1842,1493
1843,1494
1844,1495
1845,1496
1846,1497
1847,1498
1848,1499
1849,2763
1850,2764
1851,2765
1852,2766
1853,1505
1854,1507
1855,1508
1856,1509
1857,1510
1858,1511
1859,2767
1860,2768
1861,2769
1862,2770
1863,1514
1864,1516
1865,1517
1866,1518
1867,1519
1868,1520
1869,1521
1870,1522
1871,1577
1872,1523
1873,1524
1874,1525
1875,1526
1876,1527
1877,1528
1878,1529
1879,1530
1880,1531
1881,1532
1882,2771
1883,2772
1884,1533
1885,1534
1886,1536
1887,1537
1888,1538
1889,1539
1890,1540
1891,1541
1892,2773
1893,1542
1894,1543
1895,1544
1896,1545
1897,1546
1898,2774
1899,2775
1900,2776
1901,2777
1902,2778
1903,1550
1904,1551
1905,1552
1906,1553
1907,1554
1908,1555
1909,1556
1910,1557
1911,1559
1912,1560
1913,1561
1914,1562
1915,1563
1916,1564
1917,1565
1918,2779
1919,2780
1920,2781
1921,2782
1922,2784
1923,1566
1924,1567
1925,1568
1926,1569
1927,1570
1928,1571
1929,2785
1930,1580
1931,1581
1932,1582
1933,1583
1934,1584
1935,1595
1936,1585
1937,1586
1938,1587
1939,1588
1940,1594
1941,1589
1942,1590
1943,1591
1944,1592
1945,1593
1946,2786
1947,2787
1948,2788
1949,2789
1950,2790
1951,2791
1952,1596
1953,1597
1954,1598
1955,1600
1956,1601
1957,1602
1958,1609
1959,1603
1960,1604
1961,1605
1962,1606
1963,1607
1964,1608
1965,2792
1966,2793
1967,2794
1968,1610
1969,1611
1970,1612
1971,1613
1972,1614
1973,1615
1974,1616
1975,1617
1976,1618
1977,1619
1978,1620
1979,1621
1980,1622
1981,1623
1982,2795
1983,1625
1984,1626
1985,1627
1986,1628
1987,1629
1988,1630
1989,2796
1990,2797
1991,2798
1992,1631
1993,1632
1994,1633
1995,1634
1996,1635
1997,1636
1998,1656
1999,2799
2000,1637
2001,1638
2002,1639
2003,1640
2004,1641
2005,1643
2006,2800
2007,2801
2008,2802
2009,2803
2010,1644
2011,1645
2012,1646
2013,1647
2014,1657
2015,1648
2016,1649
2017,1650
2018,1651
2019,1652
2020,1653
2021,1654
2022,1658
2023,1659
2024,1661
2025,1662
2026,1663
2027,1664
2028,1665
2029,1666
2030,1667
2031,1668
2032,1669
2033,1670
2034,2804
2035,2805
2036,1671
2037,1672
2038,1673
2039,1674
2040,1675
2041,1676
2042,1677
2043,1678
2044,1679
2045,1680
2046,1681
2047,1682
2048,1683
2049,1684
2050,1685
2051,1686
2052,1687
2053,1688
2054,2806
2055,1689
2056,1690
2057,1691
2058,1692
2059,1693
2060,1694
2061,1697
2062,1698
2063,1699
2064,1700
2065,1701
2066,1702
2067,2807
2068,2808
2069,1703
2070,1705
2071,1706
2072,1707
2073,1708
2074,2809
2075,2810
2076,2811
2077,2812
2078,2814
2079,1709
2080,1710
2081,1712
2082,1713
2083,1714
2084,1715
2085,1716
2086,1717
2087,1718
2088,1719
2089,1720
2090,1721
2091,1734
2092,2815
2093,1722
2094,1723
2095,1724
2096,1725
2097,1726
2098,1727
2099,1728
2100,2816
2101,1729
2102,1730
2103,1731
2104,1732
2105,1733
2106,2817
2107,2818
2108,2819
2109,2820
2110,1735
2111,1736
2112,1737
2113,1738
2114,1739
2115,1740
2116,1741
2117,1742
2118,1743
2119,1744
2120,2821
2121,2822
2122,2823
2123,2825
2124,1745
2125,1746
2126,1747
2127,1748
2128,1749
2129,1750
2130,2826
2131,1752
2132,1753
2133,1754
2134,1755
2135,1756
2136,1757
2137,2827
2138,2828
2139,2829
2140,2830
2141,1762
2142,1763
2143,1764
2144,1765
2145,1766
2146,2831
2147,2832
2148,1767
2149,1768
2150,1769
2151,1771
2152,1773
2153,1774
2154,1775
2155,2833
2156,2834
2157,1776
2158,1777
2159,1778
2160,1779
2161,1780
2162,1781
2163,1782
2164,2835
2165,2836
2166,2837
2167,1784
2168,1786
2169,1787
2170,1788
2171,1789
2172,1790
2173,2838
2174,2839
2175,1791
2176,1792
2177,1793
2178,1794
2179,1795
2180,1796
2181,1797
2182,2840
2183,2841
2184,2842
2185,2843
2186,2845
2187,2846
2188,1798
2189,1799
2190,1800
2191,1801
2192,1803
2193,2847
2194,2848
2195,2849
2196,2850
2197,2851
2198,1804
2199,1805
2200,1806
2201,1807
2202,1808
2203,1809
2204,1810
2205,1811
2206,2852
2207,2853
2208,2854
2209,2855
2210,1817
2211,1818
2212,1819
2213,1820
2214,1821
2215,1822
2216,1828
2217,1829
2218,1830
2219,1823
2220,1824
2221,1825
2222,1826
2223,1827
2224,2856
2225,2857
2226,1831
2227,1832
2228,1833
2229,1834
2230,1836
2231,1837
2232,2858
2233,2859
2234,1839
2235,1840
2236,1841
2237,1842
2238,1845
2239,1846
2240,2860
2241,2861
2242,2862
2243,2863
2244,1849
2245,1850
2246,1851
2247,1852
2248,1853
2249,2864
2250,2865
2251,1860
2252,1861
2253,1862
2254,1864
2255,1865
2256,1866
2257,2866
2258,2867
2259,2868
2260,2869
2261,2870
2262,2871
2263,1867
2264,1868
2265,1869
2266,1870
2267,1871
2268,1872
2269,2872
2270,1873
2271,1874
2272,1875
2273,1876
2274,1877
2275,2873
2276,2874
2277,2875
2278,2876
2279,2877
2280,2878
2281,1878
2282,1879
2283,1880
2284,1881
2285,1882
2286,1883
2287,1884
2288,1885
2289,2879
2290,2880
2291,1886
2292,1887
2293,1888
2294,1889
2295,1890
2296,1891
2297,2881
2298,2882
2299,2883
2300,2884
2301,1892
2302,1893
2303,1894
2304,1895
2305,1896
2306,1897
2307,1898
2308,1899
2309,1900
2310,1901
2311,1902
2312,1903
2313,3098
2314,1904
2315,1905
2316,1906
2317,1907
2318,2027
2319,1908
2320,1909
2321,1910
2322,1911
2323,1912
2324,2028
2325,2885
2326,2886
2327,2887
2328,2888
2329,2889
2330,3332
2331,1913
2332,1914
2333,1915
2334,1916
2335,1917
2336,1918
2337,1919
2338,1920
2339,1921
2340,1922
2341,2191
2342,1923
2343,1924
2344,1925
2345,1926
2346,1927
2347,1928
2348,2890
2349,1929
2350,1930
2351,1931
2352,1932
2353,1933
2354,2891
2355,3619
2356,1934
2357,1935
2358,1936
2359,1937
2360,1938
2361,1939
2362,1940
2363,2892
2364,2893
2365,2894
2366,2895
2367,2896
2368,1941
2369,1942
2370,1943
2371,1945
2372,1946
2373,1947
2374,1948
2375,1949
2376,1950
2377,1951
2378,1952
2379,1953
2380,1954
2381,1955
2382,1956
2383,2897
2384,2898
2385,2899
2386,2900
2387,1957
2388,1958
2389,1959
2390,1960
2391,1961
2392,1962
2393,1963
2394,1964
2395,1965
2396,1966
2397,1967
2398,1968
2399,1969
2400,1970
2401,1971
2402,1972
2403,2901
2404,2904
2405,2905
2406,1973
2407,1974
2408,1975
2409,1976
2410,1977
2411,1978
2412,1979
2413,1980
2414,1981
2415,2906
2416,2907
2417,2908
2418,2909
2419,2910
2420,1982
2421,1983
2422,1984
2423,1985
2424,1986
2425,2029
2426,1987
2427,1988
2428,1989
2429,1990
2430,1991
2431,1992
2432,1993
2433,1994
2434,1995
2435,1996
2436,1997
2437,2080
2438,2911
2439,2912
2440,1998
2441,1999
2442,2000
2443,2001
2444,2002
2445,2003
2446,2004
2447,2107
2448,2913
2449,2914
2450,2915
2451,2916
2452,2917
2453,2005
2454,2007
2455,2008
2456,2009
2457,2010
2458,2011
2459,2918
2460,2919
2461,2920
2462,2921
2463,4096
2464,2012
2465,2013
2466,2014
2467,2015
2468,2016
2469,2017
2470,2018
2471,2019
2472,2020
2473,2922
2474,2923
2475,2021
2476,2023
2477,2024
2478,2025
2479,2026
2480,2924
2481,2925
2482,2926
2483,2927
2484,2929
2485,2930
2486,2931
2487,2030
2488,2031
2489,2033
2490,2034
2491,2035
2492,2932
2493,2933
2494,2934
2495,2935
2496,2936
2497,2036
2498,2037
2499,2038
2500,2039
2501,2040
2502,2041
2503,2937
2504,2938
2505,2939
2506,2042
2507,2043
2508,2044
2509,2045
2510,2046
2511,2047
2512,2941
2513,2942
2514,2943
2515,2945
2516,2946
2517,2947
2518,4189
2519,2048
2520,2049
2521,2050
2522,2051
2523,2052
2524,2053
2525,2948
2526,2949
2527,2950
2528,2951
2529,2952
2530,2953
2531,2054
2532,2055
2533,2056
2534,2057
2535,2058
2536,2059
2537,2114
2538,2060
2539,2061
2540,2062
2541,2063
2542,2064
2543,2126
2544,2954
2545,2955
2546,2956
2547,2065
2548,2066
2549,2067
2550,2068
2551,2069
2552,2070
2553,2071
2554,2072
2555,2957
2556,2958
2557,2959
2558,2960
2559,2073
2560,2074
2561,2075
2562,2076
2563,2077
2564,2078
2565,2079
2566,2081
2567,2082
2568,2083
2569,2084
2570,2085
2571,2086
2572,2087
2573,2088
2574,2089
2575,2127
2576,2090
2577,2091
2578,2092
2579,2093
2580,2094
2581,2095
2582,2096
2583,2164
2584,2961
2585,2962
2586,2097
2587,2098
2588,2099
2589,2100
2590,2101
2591,2102
2592,2103
2593,2104
2594,2105
2595,2106
2596,2108
2597,2109
2598,2110
2599,2111
2600,2112
2601,2113
2602,2963
2603,2964
2604,2965
2605,2966
2606,2115
2607,2116
2608,2117
2609,2119
2610,2120
2611,2121
2612,2122
2613,2123
2614,2124
2615,2125
2616,2128
2617,2129
2618,2130
2619,2131
2620,2132
2621,2133
2622,2967
2623,2968
2624,2970
2625,2971
2626,2972
2627,2973
2628,2134
2629,2135
2630,2136
2631,2137
2632,2138
2633,2139
2634,2974
2635,2975
2636,2976
2637,2977
2638,2978
2639,2140
2640,2141
2641,2142
2642,2144
2643,2145
2644,2146
2645,2147
2646,2148
2647,2149
2648,2979
2649,2980
2650,2981
2651,2982
2652,2983
2653,2150
2654,2151
2655,2152
2656,2153
2657,2154
2658,2155
2659,2984
2660,2985
2661,2986
2662,2987
2663,2988
2664,2989
2665,2156
2666,2157
2667,2158
2668,2159
2669,2160
2670,2161
2671,2162
2672,2165
2673,2166
2674,2167
2675,2168
2676,2169
2677,2171
2678,2990
2679,2991
2680,2992
2681,2993
2682,2994
2683,2995
2684,2996
2685,2172
2686,2173
2687,2174
2688,2175
2689,2176
2690,2177
2691,2178
2692,2997
2693,2998
2694,2999
2695,3000
2696,3001
2697,2179
2698,2180
2699,2181
2700,2182
2701,2183
2702,2184
2703,3002
2704,2185
2705,2186
2706,2187
2707,2188
2708,2189
2709,2190
2710,3003
2711,3004
2712,3005
2713,3006
2714,2192
2715,2193
2716,2194
2717,2195
2718,2196
2719,2197
2720,2198
2721,2199
2722,3007
2723,3009
2724,3010
2725,3011
2726,3013
2727,3014
2728,2201
2729,2202
2730,2203
2731,2204
2732,2206
2733,3015
2734,3016
2735,3017
2736,3018
2737,3019
2738,2207
2739,2208
2740,2209
2741,2210
2742,2211
2743,2212
2744,2213
2745,3020
2746,3021
2747,3022
2748,3023
2749,3024
2750,3025
2751,2214
2752,2215
2753,2216
2754,2217
2755,2218
2756,2219
2757,2220
2758,3026
2759,3027
2760,2221
2761,2222
2762,2223
2763,2224
2764,2225
2765,2226
2766,3028
2767,3029
2768,3030
2769,3031
2770,2227
2771,2228
2772,2229
2773,2230
2774,2231
2775,2232
2776,2233
2777,2234
2778,2235
2779,2236
2780,2237
2781,2238
2782,2239
2783,2240
2784,2241
2785,2242
2786,2243
2787,2244
2788,3032
2789,3033
2790,3034
2791,3035
2792,3036
2793,2245
2794,2246
2795,2247
2796,2248
2797,2249
2798,2250
2799,2251
2800,2252
2801,2253
2802,2254
2803,3037
2804,3039
2805,3040
2806,3041
2807,3042
2808,3043
2809,2255
2810,2256
2811,2257
2812,2258
2813,2259
2814,2260
2815,3044
2816,3045
2817,3046
2818,3047
2819,3048
2820,2261
2821,2262
2822,2263
2823,2264
2824,2265
2825,2266
2826,2268
2827,2290
2828,2269
2829,2270
2830,2271
2831,2272
2832,2273
2833,2274
2834,2275
2835,3049
2836,3050
2837,3051
2838,3052
2839,3053
2840,2276
2841,2277
2842,2278
2843,2279
2844,2280
2845,2281
2846,3054
2847,3055
2848,3056
2849,3057
2850,2282
2851,2283
2852,2284
2853,2285
2854,2287
2855,2288
2856,2289
2857,3058
2858,3060
2859,3062
2860,3063
2861,3064
2862,3065
2863,2291
2864,2292
2865,2293
2866,2294
2867,3066
2868,3067
2869,3068
2870,3069
2871,3070
2872,3071
2873,3072
2874,2295
2875,2296
2876,2297
2877,2298
2878,2299
2879,3073
2880,3074
2881,3077
2882,3078
2883,3079
2884,3080
2885,3081
2886,3082
2887,2300
2888,2303
2889,2304
2890,2305
2891,2306
2892,2307
2893,2308
2894,2309
2895,2310
2896,2311
2897,3083
2898,3084
2899,3085
2900,3086
2901,2312
2902,2313
2903,2314
2904,2315
2905,3087
2906,3088
2907,3089
2908,3090
2909,2316
2910,2317
2911,2318
2912,2319
2913,2320
2914,2321
2915,3091
2916,3092
2917,3094
2918,3095
2919,3096
2920,2322
2921,2323
2922,2324
2923,2325
2924,2330
2925,2326
2926,2327
2927,2328
2928,2329
2929,2361
2930,2362
2931,2363
2932,2364
2933,2365
2934,2331
2935,2332
2936,2333
2937,2334
2938,2335
2939,2336
2940,2337
2941,2338
2942,2339
2943,2340
2944,2341
2945,2342
2946,2343
2947,2344
2948,2345
2949,2346
2950,2347
2951,2348
2952,2349
2953,2350
2954,2351
2955,2352
2956,2353
2957,2354
2958,2355
2959,2356
2960,2357
2961,2358
2962,2359
2963,2360
2964,3099
2965,3100
2966,3101
2967,3102
2968,3103
2969,3104
2970,3105
2971,3106
2972,3107
2973,3108
2974,3109
2975,3110
2976,3111
2977,3112
2978,3113
2979,3114
2980,3115
2981,3116
2982,3117
2983,3118
2984,3119
2985,3120
2986,3121
2987,3122
2988,3123
2989,3124
2990,3125
2991,3126
2992,3127
2993,3128
2994,3129
2995,3130
2996,3131
2997,3132
2998,3133
2999,3134
3000,3135
3001,3136
3002,3137
3003,3138
3004,3139
3005,3140
3006,3141
3007,3142
3008,3143
3009,3144
3010,3145
3011,3146
3012,3147
3013,3148
3014,3149
3015,3150
3016,3151
3017,3152
3018,3153
3019,3154
3020,3155
3021,3156
3022,3157
3023,3158
3024,3159
3025,3160
3026,3161
3027,3162
3028,3163
3029,3164
3030,3165
3031,3166
3032,3167
3033,3168
3034,3169
3035,3170
3036,3171
3037,3172
3038,3173
3039,3174
3040,3175
3041,3176
3042,3177
3043,3178
3044,3179
3045,3180
3046,3181
3047,3182
3048,3184
3049,3185
3050,3186
3051,3187
3052,3188
3053,3189
3054,3190
3055,3191
3056,3192
3057,3193
3058,3194
3059,3195
3060,3196
3061,3197
3062,3198
3063,3199
3064,3200
3065,3201
3066,3202
3067,3203
3068,3204
3069,3205
3070,3206
3071,3207
3072,3208
3073,3209
3074,3210
3075,3211
3076,3212
3077,3213
3078,3214
3079,3215
3080,3216
3081,3217
3082,3218
3083,3219
3084,3220
3085,3221
3086,3222
3087,3223
3088,3224
3089,3225
3090,3226
3091,3227
3092,3228
3093,3229
3094,3230
3095,3231
3096,3232
3097,3233
3098,3234
3099,3235
3100,3236
3101,3238
3102,3239
3103,3240
3104,3241
3105,3242
3106,3243
3107,3245
3108,3246
3109,3247
3110,3248
3111,3249
3112,3250
3113,3251
3114,3252
3115,3253
3116,3254
3117,3255
3118,3256
3119,3257
3120,3258
3121,3259
3122,3260
3123,3261
3124,3262
3125,3263
3126,3264
3127,3265
3128,3266
3129,3267
3130,3268
3131,3269
3132,3270
3133,3271
3134,3272
3135,3273
3136,3275
3137,3276
3138,3277
3139,3278
3140,3279
3141,3280
3142,3281
3143,3282
3144,3283
3145,3284
3146,3285
3147,3286
3148,3287
3149,3288
3150,3289
3151,3290
3152,3291
3153,3292
3154,3293
3155,3294
3156,3295
3157,3296
3158,3297
3159,3298
3160,3299
3161,3300
3162,3302
3163,3303
3164,3304
3165,3305
3166,3306
3167,3307
3168,3308
3169,3309
3170,3310
3171,3311
3172,3312
3173,3313
3174,3314
3175,3315
3176,3316
3177,3317
3178,3318
3179,3319
3180,3320
3181,3321
3182,3322
3183,3323
3184,3324
3185,3325
3186,3326
3187,3327
3188,3328
3189,3329
3190,3330
3191,3331
3192,3333
3193,3334
3194,3335
3195,3336
3196,3337
3197,3338
3198,3339
3199,3340
3200,3341
3201,3342
3202,3343
3203,3344
3204,3345
3205,3347
3206,3348
3207,3349
3208,3350
3209,3351
3210,3352
3211,3353
3212,3354
3213,3355
3214,3356
3215,3357
3216,3358
3217,3359
3218,3360
3219,3361
3220,3362
3221,3363
3222,3364
3223,3365
3224,3366
3225,3367
3226,3368
3227,3369
3228,3371
3229,3373
3230,3374
3231,3376
3232,3377
3233,3378
3234,3379
3235,3380
3236,3381
3237,3383
3238,3384
3239,3385
3240,3386
3241,3387
3242,3388
3243,3389
3244,3390
3245,3391
3246,3392
3247,3393
3248,3394
3249,3395
3250,3396
3251,3397
3252,3398
3253,3399
3254,3400
3255,3401
3256,3402
3257,3403
3258,3404
3259,3405
3260,3406
3261,3407
3262,3409
3263,3410
3264,3411
3265,3412
3266,3413
3267,3414
3268,3415
3269,3416
3270,3417
3271,3418
3272,3420
3273,3421
3274,3422
3275,3423
3276,3424
3277,3425
3278,3426
3279,3427
3280,3428
3281,3429
3282,3430
3283,3431
3284,3432
3285,3433
3286,3434
3287,3435
3288,3436
3289,3437
3290,3438
3291,3439
3292,3440
3293,3441
3294,3442
3295,3443
3296,3444
3297,3445
3298,3446
3299,3447
3300,3448
3301,3449
3302,3450
3303,3451
3304,3452
3305,3453
3306,3454
3307,3455
3308,3456
3309,3457
3310,3458
3311,3460
3312,3461
3313,3462
3314,3463
3315,3464
3316,3465
3317,3466
3318,3467
3319,3468
3320,3469
3321,3470
3322,3471
3323,3472
3324,3473
3325,3474
3326,3475
3327,3476
3328,3477
3329,3478
3330,3479
3331,3480
3332,3481
3333,3482
3334,3483
3335,3484
3336,3485
3337,3486
3338,3487
3339,3488
3340,3489
3341,3490
3342,3491
3343,3492
3344,3493
3345,3494
3346,3495
3347,3496
3348,3497
3349,3498
3350,3499
3351,3500
3352,3501
3353,3502
3354,3503
3355,3504
3356,3505
3357,3507
3358,3508
3359,3509
3360,3510
3361,3511
3362,3512
3363,3513
3364,3514
3365,3515
3366,3516
3367,3517
3368,3518
3369,3519
3370,3520
3371,3521
3372,3522
3373,3523
3374,3524
3375,3525
3376,3526
3377,3527
3378,3528
3379,3529
3380,3531
3381,3532
3382,3533
3383,3534
3384,3535
3385,3536
3386,3537
3387,3538
3388,3539
3389,3540
3390,3541
3391,3542
3392,3543
3393,3544
3394,3545
3395,3546
3396,3547
3397,3548
3398,3549
3399,3550
3400,3551
3401,3552
3402,3553
3403,3554
3404,3555
3405,3556
3406,3557
3407,3558
3408,3559
3409,3560
3410,3561
3411,3562
3412,3563
3413,3564
3414,3565
3415,3566
3416,3567
3417,3568
3418,3569
3419,3570
3420,3571
3421,3572
3422,3573
3423,3574
3424,3575
3425,3576
3426,3577
3427,3578
3428,3580
3429,3581
3430,3582
3431,3583
3432,3584
3433,3585
3434,3586
3435,3587
3436,3588
3437,3589
3438,3590
3439,3591
3440,3592
3441,3594
3442,3595
3443,3596
3444,3597
3445,3598
3446,3599
3447,3600
3448,3601
3449,3602
3450,3603
3451,3604
3452,3605
3453,3606
3454,3607
3455,3608
3456,3609
3457,3611
3458,3612
3459,3613
3460,3614
3461,3615
3462,3616
3463,3617
3464,3618
3465,3620
3466,3621
3467,3622
3468,3623
3469,3624
3470,3625
3471,3626
3472,3627
3473,3628
3474,3629
3475,3630
3476,3631
3477,3632
3478,3633
3479,3634
3480,3635
3481,3636
3482,3637
3483,3638
3484,3639
3485,3640
3486,3641
3487,3642
3488,3643
3489,3644
3490,3645
3491,3646
3492,3647
3493,3648
3494,3649
3495,3650
3496,3651
3497,3652
3498,3653
3499,3654
3500,3655
3501,3656
3502,3657
3503,3658
3504,3659
3505,3660
3506,3661
3507,3662
3508,3663
3509,3664
3510,3665
3511,3666
3512,3667
3513,3668
3514,3669
3515,3670
3516,3671
3517,3672
3518,3673
3519,3674
3520,3675
3521,3676
3522,3677
3523,3678
3524,3679
3525,3680
3526,3681
3527,3682
3528,3683
3529,3684
3530,3685
3531,3686
3532,3687
3533,3688
3534,3689
3535,3690
3536,3691
3537,3693
3538,3694
3539,3695
3540,3696
3541,3697
3542,3698
3543,3699
3544,3700
3545,3701
3546,3702
3547,3703
3548,3704
3549,3705
3550,3706
3551,3708
3552,3709
3553,3710
3554,3711
3555,3712
3556,3713
3557,3714
3558,3715
3559,3716
3560,3717
3561,3718
3562,3719
3563,3720
3564,3721
3565,3722
3566,3723
3567,3724
3568,3725
3569,3726
3570,3727
3571,3728
3572,3729
3573,3730
3574,3731
3575,3732
3576,3733
3577,3734
3578,3735
3579,3736
3580,3737
3581,3738
3582,3739
3583,3740
3584,3741
3585,3742
3586,3743
3587,3744
3588,3745
3589,3746
3590,3747
3591,3748
3592,3749
3593,3750
3594,3752
3595,3753
3596,3755
3597,3756
3598,3758
3599,3759
3600,3760
3601,3761
3602,3762
3603,3763
3604,3764
3605,3765
3606,3766
3607,3767
3608,3768
3609,3769
3610,3770
3611,3771
3612,3772
3613,3773
3614,3774
3615,3775
3616,3776
3617,3777
3618,3778
3619,3779
3620,3780
3621,3781
3622,3782
3623,3783
3624,3784
3625,3785
3626,3786
3627,3787
3628,3788
3629,3789
3630,3791
3631,3793
3632,3794
3633,3795
3634,3796
3635,3797
3636,3798
3637,3799
3638,3800
3639,3801
3640,3802
3641,3803
3642,3804
3643,3805
3644,3806
3645,3807
3646,3808
3647,3809
3648,3810
3649,3811
3650,3812
3651,3813
3652,3814
3653,3815
3654,3816
3655,3817
3656,3818
3657,3819
3658,3820
3659,3821
3660,3822
3661,3823
3662,3824
3663,3825
3664,3826
3665,3827
3666,3828
3667,3829
3668,3830
3669,3831
3670,3832
3671,3833
3672,3834
3673,3835
3674,3836
3675,3837
3676,3838
3677,3839
3678,3840
3679,3841
3680,3842
3681,3843
3682,3844
3683,3845
3684,3846
3685,3847
3686,3848
3687,3849
3688,3850
3689,3851
3690,3852
3691,3853
3692,3854
3693,3855
3694,3857
3695,3858
3696,3859
3697,3860
3698,3861
3699,3862
3700,3863
3701,3864
3702,3865
3703,3866
3704,3867
3705,3868
3706,3869
3707,3870
3708,3871
3709,3872
3710,3873
3711,3874
3712,3875
3713,3876
3714,3878
3715,3879
3716,3880
3717,3881
3718,3882
3719,3883
3720,3884
3721,3885
3722,3886
3723,3887
3724,3888
3725,3889
3726,3890
3727,3891
3728,3893
3729,3895
3730,3896
3731,3897
3732,3898
3733,3899
3734,3900
3735,3901
3736,3902
3737,3904
3738,3905
3739,3906
3740,3907
3741,3908
3742,3909
3743,3910
3744,3911
3745,3912
3746,3913
3747,3914
3748,3915
3749,3916
3750,3917
3751,3919
3752,3920
3753,3921
3754,3922
3755,3923
3756,3924
3757,3925
3758,3926
3759,3927
3760,3928
3761,3929
3762,3930
3763,3931
3764,3932
3765,3933
3766,3934
3767,3935
3768,3936
3769,3937
3770,3938
3771,3939
3772,3940
3773,3942
3774,3943
3775,3944
3776,3945
3777,3946
3778,3947
3779,3948
3780,3949
3781,3950
3782,3951
3783,3952
3784,3953
3785,3954
3786,3955
3787,3956
3788,3957
3789,3958
3790,3959
3791,3960
3792,3961
3793,3962
3794,3963
3795,3964
3796,3965
3797,3966
3798,3967
3799,3968
3800,3969
3801,3970
3802,3971
3803,3972
3804,3974
3805,3975
3806,3976
3807,3977
3808,3978
3809,3979
3810,3980
3811,3981
3812,3982
3813,3983
3814,3984
3815,3985
3816,3986
3817,3987
3818,3988
3819,3989
3820,3990
3821,3991
3822,3992
3823,3993
3824,3994
3825,3995
3826,3996
3827,3997
3828,3998
3829,3999
3830,4000
3831,4001
3832,4002
3833,4003
3834,4004
3835,4005
3836,4006
3837,4007
3838,4008
3839,4009
3840,4010
3841,4012
3842,4013
3843,4014
3844,4015
3845,4016
3846,4017
3847,4019
3848,4020
3849,4021
3850,4022
3851,4023
3852,4024
3853,4025
3854,4026
3855,4028
3856,4029
3857,4030
3858,4031
3859,4032
3860,4033
3861,4034
3862,4035
3863,4036
3864,4037
3865,4039
3866,4040
3867,4041
3868,4042
3869,4043
3870,4044
3871,4045
3872,4046
3873,4047
3874,4048
3875,4049
3876,4050
3877,4051
3878,4052
3879,4053
3880,4054
3881,4055
3882,4056
3883,4057
3884,4058
3885,4060
3886,4061
3887,4062
3888,4063
3889,4064
3890,4065
3891,4066
3892,4067
3893,4069
3894,4070
3895,4071
3896,4072
3897,4073
3898,4075
3899,4076
3900,4077
3901,4078
3902,4079
3903,4080
3904,4081
3905,4082
3906,4083
3907,4084
3908,4085
3909,4086
3910,4087
3911,4088
3912,4089
3913,4090
3914,4091
3915,4092
3916,4093
3917,4094
3918,4095
3919,4097
3920,4098
3921,4099
3922,4100
3923,4101
3924,4102
3925,4103
3926,4104
3927,4105
3928,4106
3929,4107
3930,4108
3931,4109
3932,4110
3933,4111
3934,4112
3935,4113
3936,4114
3937,4115
3938,4116
3939,4117
3940,4118
3941,4119
3942,4120
3943,4121
3944,4122
3945,4123
3946,4124
3947,4125
3948,4126
3949,4127
3950,4128
3951,4129
3952,4130
3953,4131
3954,4132
3955,4133
3956,4134
3957,4135
3958,4136
3959,4137
3960,4138
3961,4139
3962,4140
3963,4141
3964,4142
3965,4143
3966,4144
3967,4145
3968,4146
3969,4147
3970,4148
3971,4149
3972,4150
3973,4151
3974,4152
3975,4153
3976,4154
3977,4155
3978,4156
3979,4157
3980,4158
3981,4159
3982,4160
3983,4161
3984,4162
3985,4163
3986,4164
3987,4165
3988,4166
3989,4167
3990,4168
3991,4169
3992,4170
3993,4172
3994,4173
3995,4174
3996,4175
3997,4176
3998,4177
3999,4178
4000,4179
4001,4180
4002,4181
4003,4182
4004,4183
4005,4184
4006,4185
4007,4186
4008,4187
4009,4188
4010,4190
4011,4191
4012,4192
4013,4193
4014,4194
4015,4196
4016,4197
4017,4198
4018,4199
4019,4200
4020,4201
4021,4202
4022,4203
4023,4205
4024,4206
4025,4207
4026,4208
4027,4209
4028,4210
4029,4211
4030,4212
4031,4213
4032,4214
4033,4215
4034,4216
4035,4217
4036,4218
4037,4219
4038,4220
4039,4222
4040,4223
4041,4224
4042,4225
4043,4226
4044,4227
4045,4228
4046,4229
4047,4230
4048,4231
4049,4242
4050,4531
4051,6742
4052,4232
4053,4233
4054,4234
4055,4235
4056,4236
4057,4237
4058,4238
4059,4239
4060,4240
4061,4241
4062,4243
4063,4244
4064,4245
4065,4246
4066,4247
4067,4248
4068,4249
4069,4250
4070,4251
4071,4252
4072,4253
4073,4254
4074,4255
4075,4256
4076,4257
4077,4258
4078,4259
4079,4260
4080,4261
4081,4262
4082,4263
4083,4264
4084,4265
4085,4266
4086,4267
4087,4268
4088,4458
4089,4269
4090,4271
4091,4272
4092,4273
4093,4274
4094,4275
4095,4276
4096,4277
4097,4466
4098,4278
4099,4279
4100,4280
4101,4281
4102,4282
4103,4283
4104,4284
4105,4285
4106,4293
4107,4286
4108,4287
4109,4288
4110,4289
4111,4290
4112,4291
4113,4292
4114,4294
4115,4295
4116,4296
4117,4297
4118,4298
4119,4299
4120,4300
4121,4301
4122,4434
4123,4302
4124,4303
4125,4304
4126,4305
4127,4306
4128,4307
4129,4314
4130,4308
4131,4309
4132,4310
4133,4311
4134,4312
4135,4313
4136,4315
4137,4316
4138,4317
4139,4318
4140,4319
4141,4320
4142,4321
4143,4322
4144,4323
4145,4324
4146,4352
4147,4325
4148,4326
4149,4328
4150,4329
4151,4330
4152,4331
4153,4332
4154,4333
4155,4334
4156,4335
4157,4336
4158,4353
4159,4338
4160,4339
4161,4340
4162,4342
4163,4343
4164,4344
4165,4345
4166,4370
4167,4346
4168,4347
4169,4348
4170,4349
4171,4350
4172,4351
4173,4354
4174,4355
4175,4356
4176,4357
4177,4358
4178,4359
4179,4360
4180,4380
4181,4381
4182,4467
4183,4361
4184,4362
4185,4363
4186,4364
4187,4365
4188,4366
4189,4367
4190,4368
4191,4369
4192,4371
4193,4372
4194,4373
4195,4374
4196,4375
4197,4376
4198,4377
4199,4378
4200,4379
4201,4382
4202,4383
4203,4384
4204,4385
4205,4386
4206,4387
4207,4388
4208,4389
4209,4390
4210,4391
4211,4392
4212,4393
4213,4394
4214,4395
4215,4396
4216,4397
4217,4398
4218,4399
4219,4400
4220,4401
4221,4402
4222,4403
4223,4415
4224,4404
4225,4405
4226,4406
4227,4407
4228,4408
4229,4409
4230,4410
4231,4411
4232,4412
4233,4413
4234,4414
4235,4433
4236,4417
4237,4418
4238,4419
4239,4420
4240,4421
4241,4422
4242,6068
4243,4423
4244,4424
4245,4425
4246,4426
4247,4427
4248,4428
4249,4429
4250,4430
4251,4431
4252,4432
4253,4436
4254,4437
4255,4438
4256,4439
4257,4440
4258,4441
4259,4442
4260,4443
4261,4444
4262,4445
4263,4446
4264,4447
4265,4456
4266,4457
4267,6079
4268,4448
4269,4449
4270,4450
4271,4451
4272,4452
4273,4453
4274,4454
4275,4455
4276,4961
4277,4459
4278,4460
4279,4461
4280,4462
4281,4463
4282,4464
4283,4465
4284,4468
4285,4469
4286,4470
4287,4471
4288,4472
4289,4473
4290,4474
4291,4475
4292,4476
4293,4477
4294,4478
4295,4479
4296,4480
4297,4481
4298,4482
4299,4483
4300,4543
4301,4484
4302,4485
4303,4486
4304,4487
4305,4488
4306,4490
4307,4491
4308,4492
4309,4493
4310,4494
4311,4495
4312,4496
4313,4497
4314,4499
4315,4500
4316,4501
4317,4544
4318,4502
4319,4504
4320,4505
4321,4506
4322,4507
4323,4508
4324,4509
4325,4510
4326,4532
4327,4511
4328,4512
4329,4513
4330,4514
4331,4515
4332,4524
4333,4516
4334,4517
4335,4518
4336,4519
4337,4520
4338,4521
4339,4522
4340,4523
4341,4525
4342,4526
4343,4527
4344,4528
4345,4529
4346,4530
4347,4533
4348,4534
4349,4535
4350,4536
4351,4537
4352,4538
4353,4539
4354,4540
4355,4541
4356,4542
4357,4545
4358,4546
4359,4547
4360,4548
4361,4549
4362,4559
4363,4560
4364,4550
4365,4551
4366,4552
4367,4553
4368,4554
4369,4555
4370,4556
4371,4557
4372,4558
4373,4561
4374,4562
4375,4563
4376,4564
4377,4565
4378,4566
4379,4567
4380,4568
4381,4569
4382,4576
4383,4570
4384,4571
4385,4572
4386,4573
4387,4574
4388,4575
4389,4577
4390,4578
4391,4579
4392,4580
4393,4581
4394,4582
4395,4583
4396,4585
4397,4604
4398,4586
4399,4587
4400,4588
4401,4589
4402,4591
4403,4592
4404,4593
4405,4594
4406,4595
4407,4596
4408,4597
4409,4598
4410,4599
4411,4600
4412,4601
4413,4602
4414,4603
4415,4641
4416,4642
4417,4605
4418,4606
4419,4607
4420,4608
4421,4609
4422,4610
4423,4611
4424,4612
4425,4613
4426,4614
4427,4616
4428,4617
4429,4618
4430,4619
4431,4620
4432,4621
4433,4622
4434,4623
4435,4624
4436,4625
4437,4626
4438,4627
4439,4628
4440,4629
4441,4630
4442,4659
4443,4631
4444,4632
4445,4633
4446,4634
4447,4635
4448,4636
4449,4637
4450,4638
4451,4639
4452,4640
4453,4643
4454,4644
4455,4645
4456,4646
4457,4647
4458,4648
4459,4649
4460,4650
4461,4651
4462,4685
4463,4652
4464,4653
4465,4654
4466,4655
4467,4656
4468,4657
4469,4658
4470,4660
4471,4661
4472,4662
4473,4663
4474,4664
4475,4665
4476,4666
4477,4667
4478,4668
4479,4972
4480,4669
4481,4670
4482,4671
4483,4672
4484,4673
4485,4674
4486,4675
4487,4699
4488,4676
4489,4677
4490,4678
4491,4679
4492,4680
4493,4681
4494,4682
4495,4683
4496,4684
4497,4686
4498,4687
4499,4688
4500,4689
4501,4690
4502,4691
4503,4698
4504,4692
4505,4693
4506,4694
4507,4695
4508,4696
4509,4697
4510,4700
4511,4701
4512,4703
4513,4704
4514,4705
4515,4706
4516,4707
4517,4708
4518,4710
4519,4711
4520,4712
4521,4713
4522,4714
4523,4715
4524,4757
4525,4758
4526,4716
4527,4717
4528,4719
4529,4720
4530,4721
4531,4722
4532,4765
4533,4858
4534,4723
4535,4724
4536,4725
4537,4726
4538,4727
4539,4728
4540,4729
4541,4730
4542,4766
4543,4767
4544,4731
4545,4732
4546,4733
4547,4734
4548,4735
4549,4736
4550,4737
4551,4738
4552,4739
4553,4740
4554,4741
4555,4742
4556,4743
4557,6003
4558,4744
4559,4745
4560,4746
4561,4747
4562,4748
4563,4749
4564,4750
4565,4802
4566,6004
4567,4751
4568,4752
4569,4753
4570,4754
4571,4755
4572,4756
4573,4759
4574,4760
4575,4761
4576,4762
4577,4763
4578,4764
4579,4768
4580,4769
4581,4770
4582,4771
4583,4772
4584,4773
4585,4774
4586,4803
4587,4775
4588,4776
4589,4777
4590,4778
4591,4779
4592,4780
4593,4781
4594,4782
4595,4783
4596,4784
4597,4785
4598,4786
4599,4787
4600,4788
4601,4789
4602,4790
4603,4791
4604,4792
4605,4793
4606,4794
4607,4804
4608,4805
4609,4795
4610,4796
4611,4797
4612,4798
4613,4799
4614,4800
4615,4801
4616,4806
4617,4807
4618,4808
4619,4809
4620,4810
4621,4811
4622,4812
4623,4813
4624,4814
4625,4815
4626,4816
4627,4817
4628,4818
4629,4819
4630,4820
4631,4821
4632,4822
4633,4847
4634,4823
4635,4824
4636,4825
4637,4826
4638,4827
4639,4828
4640,4829
4641,4830
4642,4831
4643,4832
4644,4833
4645,4834
4646,4835
4647,4836
4648,4857
4649,4837
4650,4838
4651,4839
4652,4840
4653,4841
4654,4842
4655,4843
4656,4844
4657,4845
4658,4846
4659,4848
4660,4849
4661,4850
4662,4851
4663,4852
4664,4853
4665,4854
4666,4855
4667,4856
4668,4859
4669,4860
4670,4861
4671,4862
4672,4863
4673,4864
4674,4865
4675,4866
4676,4867
4677,4868
4678,4869
4679,4870
4680,4871
4681,4872
4682,4873
4683,4874
4684,4875
4685,4876
4686,4877
4687,4878
4688,4889
4689,4879
4690,4880
4691,4881
4692,4882
4693,4883
4694,4884
4695,4885
4696,4886
4697,4887
4698,4888
4699,4890
4700,4891
4701,4892
4702,4893
4703,4894
4704,4895
4705,4896
4706,4897
4707,4898
4708,4899
4709,4900
4710,4901
4711,4902
4712,4903
4713,4904
4714,4905
4715,4924
4716,4906
4717,4907
4718,4908
4719,4909
4720,4910
4721,4911
4722,4912
4723,4913
4724,4914
4725,4915
4726,4916
4727,4917
4728,4918
4729,4919
4730,4920
4731,4921
4732,4922
4733,4923
4734,4925
4735,4926
4736,4927
4737,4928
4738,4929
4739,4930
4740,4931
4741,4932
4742,4941
4743,4942
4744,4933
4745,4934
4746,4935
4747,4936
4748,4937
4749,4938
4750,4939
4751,4940
4752,4943
4753,4944
4754,4945
4755,4946
4756,4947
4757,4948
4758,4949
4759,4950
4760,4951
4761,4952
4762,4953
4763,4954
4764,4955
4765,4956
4766,4957
4767,4958
4768,4959
4769,4960
4770,4962
4771,4963
4772,4964
4773,4965
4774,4966
4775,4967
4776,4968
4777,4969
4778,4970
4779,4971
4780,4973
4781,4974
4782,4975
4783,4976
4784,4977
4785,4978
4786,4979
4787,4980
4788,4981
4789,4982
4790,4983
4791,4984
4792,4985
4793,4986
4794,4987
4795,4988
4796,4989
4797,4990
4798,4991
4799,4992
4800,4993
4801,4994
4802,4995
4803,5036
4804,4996
4805,4997
4806,4998
4807,4999
4808,5000
4809,5001
4810,5002
4811,5003
4812,5004
4813,5005
4814,5006
4815,5007
4816,5008
4817,5009
4818,5010
4819,5011
4820,5012
4821,5013
4822,5014
4823,5015
4824,5016
4825,5017
4826,5018
4827,5019
4828,5020
4829,5071
4830,5021
4831,5022
4832,5023
4833,5024
4834,5025
4835,5026
4836,5027
4837,5028
4838,5029
4839,5030
4840,5031
4841,5032
4842,5033
4843,5034
4844,5035
4845,5037
4846,5038
4847,5039
4848,5040
4849,5041
4850,5042
4851,5043
4852,5044
4853,5045
4854,5046
4855,5047
4856,5048
4857,5049
4858,5050
4859,5051
4860,5052
4861,5053
4862,5054
4863,5055
4864,5056
4865,5057
4866,5058
4867,5059
4868,5070
4869,5060
4870,5061
4871,5062
4872,5063
4873,5064
4874,5065
4875,5066
4876,5068
4877,5069
4878,5072
4879,5073
4880,5074
4881,5076
4882,5077
4883,5078
4884,5079
4885,5081
4886,5083
4887,5084
4888,5143
4889,5085
4890,5086
4891,5087
4892,5088
4893,5089
4894,5090
4895,5091
4896,5092
4897,5093
4898,5094
4899,5095
4900,5096
4901,5097
4902,5098
4903,5153
4904,5099
4905,5100
4906,5101
4907,5102
4908,5103
4909,5104
4910,5105
4911,5106
4912,5166
4913,5256
4914,5107
4915,5108
4916,5109
4917,5110
4918,5111
4919,5112
4920,5114
4921,5115
4922,5116
4923,5197
4924,5117
4925,5118
4926,5119
4927,5120
4928,5121
4929,5122
4930,5123
4931,5124
4932,5125
4933,5257
4934,5126
4935,5127
4936,5128
4937,5129
4938,5130
4939,5131
4940,5132
4941,5133
4942,5134
4943,5135
4944,5136
4945,5137
4946,5138
4947,5139
4948,5140
4949,5141
4950,5142
4951,5145
4952,5146
4953,5147
4954,5148
4955,5149
4956,5150
4957,5151
4958,5152
4959,5155
4960,5156
4961,5157
4962,5158
4963,5159
4964,5160
4965,5161
4966,5163
4967,5164
4968,5165
4969,5167
4970,5168
4971,5169
4972,5170
4973,5171
4974,5172
4975,5173
4976,5174
4977,5198
4978,5175
4979,5176
4980,5177
4981,5178
4982,5179
4983,5180
4984,5181
4985,5183
4986,5184
4987,5185
4988,5186
4989,5187
4990,5188
4991,5189
4992,5199
4993,5190
4994,5191
4995,5192
4996,5193
4997,5194
4998,5195
4999,5196
5000,5252
5001,5200
5002,5201
5003,5202
5004,5203
5005,5204
5006,5205
5007,5206
5008,5278
5009,5207
5010,5208
5011,5209
5012,5210
5013,5211
5014,5212
5015,5213
5016,5214
5017,5215
5018,5298
5019,5216
5020,5217
5021,5218
5022,5219
5023,5220
5024,5221
5025,5222
5026,5223
5027,5224
5028,5225
5029,5226
5030,5227
5031,5228
5032,5229
5033,5230
5034,5231
5035,5232
5036,5233
5037,5234
5038,5235
5039,5236
5040,5237
5041,5238
5042,5239
5043,5240
5044,5241
5045,5254
5046,5242
5047,5243
5048,5245
5049,5246
5050,5247
5051,5248
5052,5249
5053,5250
5054,5251
5055,5258
5056,5259
5057,5260
5058,5261
5059,5262
5060,5263
5061,5264
5062,5265
5063,5266
5064,5267
5065,5268
5066,5269
5067,5270
5068,5271
5069,5272
5070,5273
5071,5274
5072,5275
5073,5276
5074,5277
5075,5279
5076,5280
5077,5281
5078,5282
5079,5283
5080,5284
5081,5285
5082,5286
5083,5287
5084,5288
5085,5696
5086,5289
5087,5290
5088,5291
5089,5292
5090,5293
5091,5294
5092,5295
5093,5296
5094,5297
5095,5299
5096,5300
5097,5301
5098,5302
5099,5303
5100,5304
5101,5305
5102,5320
5103,5306
5104,5307
5105,5308
5106,5309
5107,5311
5108,5312
5109,5321
5110,5313
5111,5314
5112,5315
5113,5316
5114,5317
5115,5318
5116,5319
5117,5322
5118,5323
5119,5324
5120,5325
5121,5326
5122,5327
5123,5328
5124,5329
5125,5330
5126,5331
5127,5333
5128,5334
5129,5335
5130,5336
5131,5337
5132,5338
5133,5339
5134,5340
5135,5342
5136,5343
5137,5344
5138,5345
5139,5346
5140,5347
5141,5348
5142,5349
5143,5350
5144,5351
5145,5352
5146,5353
5147,5354
5148,5355
5149,5759
5150,5356
5151,5357
5152,5359
5153,5360
5154,5361
5155,5362
5156,5363
5157,5373
5158,5364
5159,5365
5160,5366
5161,5367
5162,5368
5163,5369
5164,5370
5165,5371
5166,5372
5167,5374
5168,5375
5169,5376
5170,5377
5171,5378
5172,5379
5173,5380
5174,5381
5175,5408
5176,5382
5177,5383
5178,5384
5179,5385
5180,5386
5181,5387
5182,5540
5183,5388
5184,5389
5185,5390
5186,5392
5187,5393
5188,5394
5189,5396
5190,5397
5191,5398
5192,5571
5193,5399
5194,5400
5195,5401
5196,5402
5197,5404
5198,5405
5199,5406
5200,5407
5201,5409
5202,5410
5203,5411
5204,5413
5205,5414
5206,5415
5207,5416
5208,5417
5209,5418
5210,5419
5211,5421
5212,5423
5213,5424
5214,5425
5215,5426
5216,5441
5217,5427
5218,5428
5219,5429
5220,5430
5221,5431
5222,5433
5223,5434
5224,5442
5225,5443
5226,5435
5227,5436
5228,5437
5229,5438
5230,5439
5231,5440
5232,5505
5233,5444
5234,5445
5235,5446
5236,5447
5237,5448
5238,5449
5239,5450
5240,5453
5241,5454
5242,5455
5243,5456
5244,5457
5245,5459
5246,5460
5247,5461
5248,5462
5249,5463
5250,5464
5251,5465
5252,5466
5253,5467
5254,5468
5255,5470
5256,5471
5257,5472
5258,5473
5259,5474
5260,5475
5261,5476
5262,5477
5263,5478
5264,5479
5265,5480
5266,5481
5267,5482
5268,5483
5269,5506
5270,5484
5271,5485
5272,5486
5273,5487
5274,5488
5275,5489
5276,5490
5277,5491
5278,5493
5279,5494
5280,5495
5281,5496
5282,5497
5283,5498
5284,5523
5285,5499
5286,5500
5287,5501
5288,5502
5289,5503
5290,5504
5291,5507
5292,5508
5293,5509
5294,5510
5295,5511
5296,5512
5297,5513
5298,5514
5299,5539
5300,5515
5301,5516
5302,5517
5303,5518
5304,5520
5305,5521
5306,5522
5307,5524
5308,5525
5309,5526
5310,5527
5311,5528
5312,5529
5313,5530
5314,5531
5315,5532
5316,5533
5317,5534
5318,5535
5319,5536
5320,5537
5321,5538
5322,5541
5323,5542
5324,5543
5325,5544
5326,5545
5327,5546
5328,5547
5329,5548
5330,5549
5331,5550
5332,5551
5333,5552
5334,5553
5335,5554
5336,5555
5337,5556
5338,5557
5339,5558
5340,5559
5341,5560
5342,5561
5343,5562
5344,5563
5345,5564
5346,5565
5347,5566
5348,5567
5349,5568
5350,5569
5351,5570
5352,5572
5353,5573
5354,5574
5355,5575
5356,5576
5357,5816
5358,5577
5359,5578
5360,5580
5361,5581
5362,5582
5363,5583
5364,5584
5365,5585
5366,5586
5367,5594
5368,5587
5369,5588
5370,5589
5371,5590
5372,5591
5373,5592
5374,5593
5375,5595
5376,5864
5377,5597
5378,5599
5379,5600
5380,5601
5381,5602
5382,5603
5383,5604
5384,5606
5385,5607
5386,5624
5387,5608
5388,5609
5389,5610
5390,5611
5391,5612
5392,5613
5393,5865
5394,5614
5395,5615
5396,5616
5397,5617
5398,5618
5399,5619
5400,5620
5401,5621
5402,5622
5403,5623
5404,5625
5405,5626
5406,5627
5407,5628
5408,5629
5409,5630
5410,5641
5411,5631
5412,5632
5413,5633
5414,5634
5415,5635
5416,5636
5417,5637
5418,5638
5419,5639
5420,5640
5421,5642
5422,5643
5423,5644
5424,5645
5425,5646
5426,5647
5427,5648
5428,5649
5429,5650
5430,5651
5431,5652
5432,5653
5433,5654
5434,5655
5435,5656
5436,5658
5437,5659
5438,5660
5439,5661
5440,5662
5441,5663
5442,5664
5443,5665
5444,5666
5445,5667
5446,5668
5447,5669
5448,5670
5449,5671
5450,5672
5451,5673
5452,5674
5453,5675
5454,5676
5455,5677
5456,5678
5457,5679
5458,5680
5459,5681
5460,5682
5461,5683
5462,5684
5463,5894
5464,5685
5465,5686
5466,5687
5467,5688
5468,5689
5469,5690
5470,5691
5471,5692
5472,5693
5473,5694
5474,5695
5475,5697
5476,5698
5477,5699
5478,5700
5479,5701
5480,5702
5481,5703
5482,5704
5483,5705
5484,5706
5485,5707
5486,5708
5487,5709
5488,5710
5489,5711
5490,5712
5491,5713
5492,5714
5493,5715
5494,5716
5495,5717
5496,5718
5497,5719
5498,5720
5499,5721
5500,5722
5501,5723
5502,5724
5503,5725
5504,5726
5505,5727
5506,5728
5507,5729
5508,5730
5509,5732
5510,5733
5511,5734
5512,5735
5513,5736
5514,5737
5515,5739
5516,5740
5517,5741
5518,5742
5519,5743
5520,5744
5521,5745
5522,5746
5523,5747
5524,5748
5525,5749
5526,5750
5527,5788
5528,5751
5529,5752
5530,5753
5531,5754
5532,5755
5533,5756
5534,5757
5535,5758
5536,5760
5537,5762
5538,5763
5539,5764
5540,5765
5541,5766
5542,5767
5543,5768
5544,5769
5545,5770
5546,5908
5547,5771
5548,5772
5549,5773
5550,5775
5551,5776
5552,5777
5553,5789
5554,5779
5555,5781
5556,5782
5557,5784
5558,5785
5559,5786
5560,5787
5561,5790
5562,5791
5563,5792
5564,5793
5565,5794
5566,5795
5567,5796
5568,5797
5569,5798
5570,5799
5571,5800
5572,5801
5573,5802
5574,5803
5575,5804
5576,5805
5577,5806
5578,5815
5579,5807
5580,5808
5581,5809
5582,5810
5583,5811
5584,5812
5585,5813
5586,5814
5587,5817
5588,5818
5589,5819
5590,5820
5591,5821
5592,5822
5593,5823
5594,5824
5595,5825
5596,5826
5597,5827
5598,5828
5599,5829
5600,5830
5601,5831
5602,5832
5603,5833
5604,5834
5605,5835
5606,5836
5607,5837
5608,5838
5609,5839
5610,5840
5611,5841
5612,5842
5613,5843
5614,5844
5615,5845
5616,5846
5617,5847
5618,5848
5619,5849
5620,5850
5621,5852
5622,6091
5623,5853
5624,5854
5625,5856
5626,5857
5627,5858
5628,5860
5629,5861
5630,5862
5631,5863
5632,5866
5633,5867
5634,5868
5635,5869
5636,5870
5637,5872
5638,5874
5639,5875
5640,5876
5641,5877
5642,5878
5643,5879
5644,5880
5645,5881
5646,5882
5647,5883
5648,5884
5649,5885
5650,5886
5651,5887
5652,5888
5653,5889
5654,5890
5655,5891
5656,5892
5657,5895
5658,5896
5659,5897
5660,5898
5661,5899
5662,6100
5663,5900
5664,5901
5665,5902
5666,5903
5667,5904
5668,5905
5669,5906
5670,5907
5671,5910
5672,5911
5673,5913
5674,5914
5675,5915
5676,5916
5677,5917
5678,5918
5679,5919
5680,5920
5681,5921
5682,5922
5683,5923
5684,5924
5685,5925
5686,6824
5687,5926
5688,5927
5689,5928
5690,5929
5691,5930
5692,5931
5693,5932
5694,5951
5695,5933
5696,5934
5697,5935
5698,5936
5699,5937
5700,5938
5701,5939
5702,5940
5703,5941
5704,5942
5705,5959
5706,5943
5707,5944
5708,5945
5709,5946
5710,5947
5711,5948
5712,5949
5713,5950
5714,5952
5715,5953
5716,5954
5717,5955
5718,5956
5719,5957
5720,5958
5721,5960
5722,5961
5723,5962
5724,5963
5725,5964
5726,5965
5727,5966
5728,5967
5729,5968
5730,5969
5731,5970
5732,5971
5733,5972
5734,5973
5735,5974
5736,5975
5737,5976
5738,5977
5739,5978
5740,5993
5741,5979
5742,5980
5743,5981
5744,5982
5745,5983
5746,5984
5747,5985
5748,5986
5749,5987
5750,5988
5751,5989
5752,5990
5753,5992
5754,5994
5755,5995
5756,5996
5757,5997
5758,5998
5759,5999
5760,6000
5761,6001
5762,6002
5763,6005
5764,6006
5765,6007
5766,6008
5767,6009
5768,6010
5769,6011
5770,6012
5771,6013
5772,6014
5773,6015
5774,6016
5775,6017
5776,6018
5777,6019
5778,6020
5779,6021
5780,6022
5781,6023
5782,6024
5783,6025
5784,6102
5785,6026
5786,6027
5787,6028
5788,6029
5789,6030
5790,6031
5791,6032
5792,6033
5793,6034
5794,6035
5795,6037
5796,6038
5797,6039
5798,6058
5799,6040
5800,6041
5801,6042
5802,6043
5803,6044
5804,6045
5805,6046
5806,6047
5807,6048
5808,6059
5809,6049
5810,6050
5811,6051
5812,6052
5813,6053
5814,6054
5815,6055
5816,6056
5817,6057
5818,6060
5819,6061
5820,6062
5821,6063
5822,6064
5823,6065
5824,6066
5825,6067
5826,6143
5827,6069
5828,6070
5829,6071
5830,6073
5831,6074
5832,6075
5833,6076
5834,6077
5835,6078
5836,6080
5837,6081
5838,6082
5839,6083
5840,6084
5841,6085
5842,6087
5843,6088
5844,6089
5845,6090
5846,6092
5847,6093
5848,6094
5849,6095
5850,6096
5851,6097
5852,6098
5853,6099
5854,6103
5855,6104
5856,6105
5857,6106
5858,6107
5859,6108
5860,6109
5861,6151
5862,6152
5863,6110
5864,6111
5865,6112
5866,6113
5867,6114
5868,6115
5869,6116
5870,6117
5871,6118
5872,6743
5873,6119
5874,6120
5875,6121
5876,6122
5877,6123
5878,6124
5879,6232
5880,6125
5881,6126
5882,6127
5883,6128
5884,6129
5885,6130
5886,6132
5887,6133
5888,6134
5889,6898
5890,6135
5891,6136
5892,6137
5893,6138
5894,6139
5895,6140
5896,6141
5897,6142
5898,6144
5899,6145
5900,6146
5901,6147
5902,6148
5903,6149
5904,6150
5905,6153
5906,6154
5907,6155
5908,6156
5909,6157
5910,6158
5911,6159
5912,6160
5913,6201
5914,6161
5915,6163
5916,6164
5917,6165
5918,6166
5919,6167
5920,6168
5921,6169
5922,6170
5923,6171
5924,6172
5925,6173
5926,6174
5927,6175
5928,6176
5929,6177
5930,6178
5931,6217
5932,6179
5933,6180
5934,6181
5935,6182
5936,6183
5937,6184
5938,6185
5939,6218
5940,6186
5941,6187
5942,6188
5943,6189
5944,6190
5945,6191
5946,6192
5947,6219
5948,6193
5949,6194
5950,6195
5951,6196
5952,6197
5953,6198
5954,6199
5955,6200
5956,6220
5957,6202
5958,6203
5959,6204
5960,6205
5961,6206
5962,6207
5963,6221
5964,6208
5965,6209
5966,6210
5967,6211
5968,6212
5969,6213
5970,6214
5971,6216
5972,6222
5973,6223
5974,6224
5975,6225
5976,6226
5977,6227
5978,6229
5979,6230
5980,6231
5981,6233
5982,6235
5983,6236
5984,6237
5985,6238
5986,6239
5987,6240
5988,6281
5989,6282
5990,6241
5991,6242
5992,6243
5993,6244
5994,6245
5995,6246
5996,6308
5997,6247
5998,6248
5999,6249
6000,6250
6001,6251
6002,6253
6003,6254
6004,6255
6005,6256
6006,6257
6007,6258
6008,6259
6009,6260
6010,6261
6011,6262
6012,6263
6013,6264
6014,6265
6015,6266
6016,6267
6017,6268
6018,6269
6019,6270
6020,6309
6021,6271
6022,6272
6023,6273
6024,6274
6025,6275
6026,6276
6027,6277
6028,6278
6029,6279
6030,6280
6031,6283
6032,6284
6033,6285
6034,6286
6035,6287
6036,6288
6037,6289
6038,6290
6039,6291
6040,6292
6041,6293
6042,6294
6043,6295
6044,6296
6045,6297
6046,6298
6047,6380
6048,6299
6049,6300
6050,6301
6051,6302
6052,6303
6053,6304
6054,6305
6055,6306
6056,6307
6057,6310
6058,6311
6059,6313
6060,6314
6061,6315
6062,6316
6063,6317
6064,6318
6065,6319
6066,6320
6067,6321
6068,6322
6069,6323
6070,6325
6071,6326
6072,6327
6073,6329
6074,6330
6075,6331
6076,6332
6077,6333
6078,6334
6079,6335
6080,6336
6081,6337
6082,6338
6083,6339
6084,6340
6085,6341
6086,6342
6087,6343
6088,6344
6089,6345
6090,6346
6091,6347
6092,6348
6093,6349
6094,6381
6095,6382
6096,6350
6097,6351
6098,6352
6099,6353
6100,6354
6101,6355
6102,6356
6103,6357
6104,6358
6105,6359
6106,6419
6107,6360
6108,6361
6109,6362
6110,6363
6111,6365
6112,6366
6113,6367
6114,6368
6115,6369
6116,6383
6117,6384
6118,6370
6119,6371
6120,6372
6121,6373
6122,6374
6123,6375
6124,6376
6125,6377
6126,6378
6127,6379
6128,6386
6129,6387
6130,6388
6131,6389
6132,6390
6133,6391
6134,6392
6135,6406
6136,6393
6137,6394
6138,6395
6139,6396
6140,6397
6141,6399
6142,6400
6143,6401
6144,6403
6145,6404
6146,6405
6147,6407
6148,6408
6149,6409
6150,6410
6151,6411
6152,6412
6153,6413
6154,6414
6155,6415
6156,6416
6157,6417
6158,6418
6159,6420
6160,6421
6161,6422
6162,6423
6163,6424
6164,6425
6165,6426
6166,6427
6167,6428
6168,6429
6169,6430
6170,6431
6171,6432
6172,6433
6173,6435
6174,6436
6175,6437
6176,6447
6177,6438
6178,6439
6179,6440
6180,6441
6181,6442
6182,6443
6183,6444
6184,6445
6185,6446
6186,6825
6187,6448
6188,6449
6189,6450
6190,6451
6191,6452
6192,6453
6193,6454
6194,6456
6195,6826
6196,6457
6197,6458
6198,6459
6199,6460
6200,6461
6201,6462
6202,6463
6203,6464
6204,6862
6205,6465
6206,6466
6207,6467
6208,6468
6209,6469
6210,6470
6211,6471
6212,6472
6213,6473
6214,6474
6215,6475
6216,6476
6217,6477
6218,6478
6219,6479
6220,6480
6221,6481
6222,6482
6223,6483
6224,6484
6225,6500
6226,6485
6227,6486
6228,6487
6229,6489
6230,6490
6231,6491
6232,6492
6233,6493
6234,6494
6235,6495
6236,6496
6237,6497
6238,6498
6239,6499
6240,6511
6241,6501
6242,6502
6243,6503
6244,6504
6245,6505
6246,6506
6247,6507
6248,6509
6249,6510
6250,6512
6251,6513
6252,6514
6253,6515
6254,6517
6255,6518
6256,6519
6257,6520
6258,6521
6259,6522
6260,6523
6261,6524
6262,6525
6263,6526
6264,6527
6265,6931
6266,6528
6267,6529
6268,6530
6269,6531
6270,6532
6271,6533
6272,6534
6273,6535
6274,6536
6275,6537
6276,6538
6277,6539
6278,6540
6279,6541
6280,6542
6281,6543
6282,6544
6283,6545
6284,6546
6285,6547
6286,6548
6287,6549
6288,6550
6289,6551
6290,6552
6291,6553
6292,6554
6293,6555
6294,6556
6295,6557
6296,6558
6297,6559
6298,6560
6299,6561
6300,6562
6301,6563
6302,6564
6303,6565
6304,6566
6305,6567
6306,6568
6307,6569
6308,6570
6309,6571
6310,6572
6311,6573
6312,6574
6313,6575
6314,6576
6315,6577
6316,6578
6317,6579
6318,6580
6319,6581
6320,6582
6321,6583
6322,6584
6323,6585
6324,6586
6325,6587
6326,6588
6327,6589
6328,6590
6329,6591
6330,6592
6331,6593
6332,6594
6333,6624
6334,6595
6335,6596
6336,6597
6337,6598
6338,6599
6339,6600
6340,6601
6341,6625
6342,6602
6343,6603
6344,6604
6345,6605
6346,6606
6347,6607
6348,6636
6349,6608
6350,6609
6351,6610
6352,6611
6353,6612
6354,6613
6355,6614
6356,6615
6357,6616
6358,6617
6359,6618
6360,6619
6361,6620
6362,6621
6363,6622
6364,6623
6365,6626
6366,6627
6367,6628
6368,6629
6369,6630
6370,6631
6371,6632
6372,6633
6373,6634
6374,6635
6375,6637
6376,6638
6377,6639
6378,6640
6379,6641
6380,6642
6381,6643
6382,6644
6383,6645
6384,6646
6385,6647
6386,6648
6387,6649
6388,6650
6389,6651
6390,6652
6391,6653
6392,6654
6393,6655
6394,6656
6395,6657
6396,6658
6397,6659
6398,6660
6399,6661
6400,6662
6401,6663
6402,6664
6403,6665
6404,6666
6405,6667
6406,6668
6407,6669
6408,6670
6409,6671
6410,6672
6411,6675
6412,6676
6413,6677
6414,6678
6415,6679
6416,6680
6417,6681
6418,6682
6419,6683
6420,6684
6421,6685
6422,6686
6423,6687
6424,6688
6425,6689
6426,6690
6427,6691
6428,6692
6429,6693
6430,6694
6431,6695
6432,6696
6433,6697
6434,6698
6435,6699
6436,6712
6437,6700
6438,6701
6439,6702
6440,6703
6441,6704
6442,6705
6443,6706
6444,6707
6445,6708
6446,6709
6447,6710
6448,6711
6449,6713
6450,6714
6451,6715
6452,6716
6453,6717
6454,6718
6455,6719
6456,6720
6457,6721
6458,6722
6459,6723
6460,6724
6461,6726
6462,6727
6463,6728
6464,6729
6465,6730
6466,6731
6467,6740
6468,6732
6469,6733
6470,6734
6471,6735
6472,6736
6473,6737
6474,6738
6475,6739
6476,6741
6477,6744
6478,6745
6479,6746
6480,6747
6481,6748
6482,6749
6483,6750
6484,6751
6485,6752
6486,6753
6487,6754
6488,6756
6489,6757
6490,6758
6491,6759
6492,6760
6493,6761
6494,6762
6495,6763
6496,6764
6497,6765
6498,6766
6499,6767
6500,6768
6501,6769
6502,6770
6503,6771
6504,6772
6505,6773
6506,6774
6507,6775
6508,6776
6509,6777
6510,6778
6511,6779
6512,6780
6513,6781
6514,6782
6515,6783
6516,6784
6517,6785
6518,6786
6519,6787
6520,6788
6521,6800
6522,6789
6523,6790
6524,6791
6525,6792
6526,6793
6527,6794
6528,6795
6529,6796
6530,6797
6531,6798
6532,6799
6533,6801
6534,6802
6535,6803
6536,6804
6537,6805
6538,6806
6539,6807
6540,6808
6541,6809
6542,6810
6543,6811
6544,6812
6545,6813
6546,6814
6547,6823
6548,6815
6549,6816
6550,6817
6551,6818
6552,6819
6553,6820
6554,6822
6555,6828
6556,6829
6557,6830
6558,6831
6559,6833
6560,6834
6561,6835
6562,6836
6563,6871
6564,6872
6565,6837
6566,6838
6567,6839
6568,6840
6569,6841
6570,6842
6571,6843
6572,6844
6573,6845
6574,6873
6575,6846
6576,6848
6577,6849
6578,6850
6579,6851
6580,6852
6581,6853
6582,6881
6583,6882
6584,6883
6585,6854
6586,6855
6587,6856
6588,6857
6589,6858
6590,6859
6591,6860
6592,6861
6593,6863
6594,6864
6595,6865
6596,6866
6597,6867
6598,6868
6599,6869
6600,6870
6601,6874
6602,6875
6603,6876
6604,6877
6605,6878
6606,6879
6607,6880
6608,6884
6609,6885
6610,6886
6611,6887
6612,6888
6613,6889
6614,6890
6615,6891
6616,6892
6617,6893
6618,6894
6619,6895
6620,6896
6621,6897
6622,6899
6623,6900
6624,6901
6625,6902
6626,6903
6627,6904
6628,6905
6629,6906
6630,6907
6631,6908
6632,6909
6633,6910
6634,6911
6635,6912
6636,6913
6637,6914
6638,6915
6639,6916
6640,6917
6641,6918
6642,6919
6643,6920
6644,6921
6645,6922
6646,6923
6647,6924
6648,6925
6649,6926
6650,6927
6651,6928
6652,6929
6653,6930
6654,6932
6655,6933
6656,6934
6657,6935
6658,6936
6659,6937
6660,6938
6661,6939
6662,6978
6663,6940
6664,6941
6665,6942
6666,6943
6667,6944
6668,6945
6669,6946
6670,6947
6671,6948
6672,6950
6673,6951
6674,6952
6675,6953
6676,6954
6677,6955
6678,6956
6679,6957
6680,6958
6681,6959
6682,6960
6683,7119
6684,6961
6685,6962
6686,6964
6687,6965
6688,6966
6689,6967
6690,6968
6691,6986
6692,6969
6693,6971
6694,6972
6695,6973
6696,6974
6697,6975
6698,6976
6699,6977
6700,6988
6701,6979
6702,6980
6703,6981
6704,6982
6705,6983
6706,6984
6707,6985
6708,6989
6709,6990
6710,6991
6711,6992
6712,6993
6713,6994
6714,6995
6715,6996
6716,6997
6717,6998
6718,6999
6719,7000
6720,7001
6721,7002
6722,7057
6723,7003
6724,7004
6725,7005
6726,7006
6727,7007
6728,7008
6729,7009
6730,7010
6731,7011
6732,7012
6733,7013
6734,7014
6735,7015
6736,7016
6737,7018
6738,7019
6739,7020
6740,7021
6741,7022
6742,7023
6743,7024
6744,7025
6745,7026
6746,7075
6747,7076
6748,7027
6749,7028
6750,7029
6751,7030
6752,7031
6753,7033
6754,7034
6755,7035
6756,7036
6757,7037
6758,7038
6759,7039
6760,7040
6761,7041
6762,7042
6763,7044
6764,7045
6765,7046
6766,7047
6767,7048
6768,7056
6769,7077
6770,7049
6771,7050
6772,7051
6773,7052
6774,7053
6775,7054
6776,7055
6777,7058
6778,7059
6779,7060
6780,7061
6781,7062
6782,7063
6783,7064
6784,7065
6785,7066
6786,7067
6787,7068
6788,7069
6789,7070
6790,7072
6791,7073
6792,7074
6793,7281
6794,7078
6795,7080
6796,7081
6797,7082
6798,7083
6799,7084
6800,7085
6801,7086
6802,7109
6803,7087
6804,7088
6805,7089
6806,7090
6807,7091
6808,7092
6809,7093
6810,7094
6811,7096
6812,7097
6813,7098
6814,7099
6815,7100
6816,7101
6817,7102
6818,7103
6819,7104
6820,7105
6821,7106
6822,7107
6823,7282
6824,7110
6825,7111
6826,7112
6827,7113
6828,7114
6829,7115
6830,7116
6831,7118
6832,7120
6833,7121
6834,7122
6835,7123
6836,7124
6837,7125
6838,7126
6839,7127
6840,7128
6841,7129
6842,7130
6843,7131
6844,7132
6845,7133
6846,7134
6847,7135
6848,7136
6849,7137
6850,7138
6851,7139
6852,7140
6853,7141
6854,7142
6855,7143
6856,7293
6857,7145
6858,7147
6859,7148
6860,7149
6861,7150
6862,7151
6863,7152
6864,7153
6865,7156
6866,7294
6867,7157
6868,7158
6869,7159
6870,7160
6871,7161
6872,7162
6873,7163
6874,7164
6875,7165
6876,7166
6877,7167
6878,7168
6879,7169
6880,7170
6881,7171
6882,7182
6883,7172
6884,7173
6885,7174
6886,7175
6887,7176
6888,7177
6889,7178
6890,7179
6891,7180
6892,7181
6893,7191
6894,7183
6895,7184
6896,7185
6897,7187
6898,7188
6899,7189
6900,7190
6901,7192
6902,7193
6903,7194
6904,7195
6905,7196
6906,7197
6907,7198
6908,7199
6909,7210
6910,7200
6911,7201
6912,7202
6913,7203
6914,7204
6915,7205
6916,7206
6917,7207
6918,7208
6919,7209
6920,7211
6921,7212
6922,7213
6923,7214
6924,7215
6925,7216
6926,7217
6927,7218
6928,7219
6929,7258
6930,7220
6931,7221
6932,7222
6933,7223
6934,7224
6935,7225
6936,7226
6937,7259
6938,7260
6939,7227
6940,7228
6941,7229
6942,7230
6943,7231
6944,7232
6945,7270
6946,7233
6947,7234
6948,7235
6949,7236
6950,7237
6951,7238
6952,7239
6953,7240
6954,7241
6955,7242
6956,7243
6957,7244
6958,7245
6959,7246
6960,7247
6961,7248
6962,7249
6963,7250
6964,7271
6965,7251
6966,7253
6967,7254
6968,7255
6969,7256
6970,7257
6971,7261
6972,7262
6973,7263
6974,7264
6975,7265
6976,7266
6977,7267
6978,7268
6979,7269
6980,7272
6981,7274
6982,7275
6983,7276
6984,7277
6985,7278
6986,7279
6987,7280
6988,7283
6989,7284
6990,7285
6991,7286
6992,7287
6993,7288
6994,7289
6995,7290
6996,7291
6997,7292
6998,7295
6999,7296
7000,7297
7001,7298
7002,7299
7003,7300
7004,7301
7005,7302
7006,7303
7007,7304
7008,7305
7009,7306
7010,7307
7011,7308
7012,7309
7013,7310
7014,7311
7015,7312
7016,7313
7017,7314
7018,7315
7019,7316
7020,7317
7021,7318
7022,7319
